,show_id,title,release_year,description,description_len,title_len,mv_dur,genre,polarity,subjectivity,rotten_score
24,80057700,The Runner,2015,A New Orleans politician finds his idealistic plans for rebuilding after a toxic oil spill unraveling thanks to a sex scandal.,126,10,90,drama,0.0,0.0,65.0
40,80058026,Hell and Back,2015,"When best friends break a blood oath, one of them is cast away to hell, and the other two must save him from the misfits of the underworld.",139,13,86,action,0.0,0.0,100.0
53,80177405,Marc Maron: Too Real,2017,"Battle-scarred stand-up comedian Marc Maron unleashes a storm of ideas about meditation, mortality, documentary films and our weird modern world.",145,20,70,comedy,0.2,0.30000000000000004,80.0
78,80128722,Gerald's Game,2017,"When her husband's sex game goes wrong, Jessie – handcuffed to a bed in a remote lake house – faces warped visions, dark secrets and a dire choice.",147,13,103,horror,-0.4,0.4,91.0
91,80157072,Hold the Dark,2018,"In the grim Alaskan winter, a naturalist hunts for wolves blamed for killing a local boy, but he soon finds himself swept into a chilling mystery.",146,13,126,action,-0.15,0.4,70.0
102,80231903,In the Shadow of the Moon,2019,A Philadelphia detective slowly unravels as he nurses a lifelong obsession with an enigmatic female serial killer whose crimes defy explanation.,144,25,116,drama,0.0,0.0,95.0
121,80108976,USS Indianapolis: Men of Courage,2016,"After becoming stranded in the Philippine Sea during World War II, a tenacious Navy crew faces a dire lack of supplies and a string of shark attacks.",149,32,130,action,0.0,0.0,17.0
140,80099204,The Bad Batch,2016,"Banished to a wasteland of undesirables, a young woman struggles to find her feet among a drug-soaked desert society and an enclave of cannibals.",145,13,119,drama,-0.6999999999999998,0.6666666666666666,47.0
159,81122669,Daddy Issues,2019,"Maya finally hooks up with her online dream girl, only to discover she’s deeply involved with an older sugar daddy – a man Maya knows all too well.",147,12,82,drama,0.0,0.0,89.0
173,80161931,Vincent N Roxxy,2016,"In rural Louisiana, a terse loner forges a redemptive bond with a woman he saved from a killer, but a violent past soon catches up with both of them.",149,15,101,drama,0.0,0.0,41.0
179,80190449,The Endless,2017,"As kids, they escaped a UFO death cult. Now, two adult brothers seek answers after an old videotape surfaces and brings them back to where they began.",150,11,112,sci-fi,-0.125,0.75,16.0
206,80058248,I Am Wrath,2016,"Hell-bent on avenging his wife's murder, Stanley Hill summons an old partner's help in exposing a cover-up by crooked cops and slimy politicians.",145,10,91,action,0.0,0.0,11.0
207,70307661,"As Above, So Below",2014,A beautiful tomb raider and her crew hunt for treasure in the catacombs of Paris and find themselves in a hellish underworld.,125,18,93,horror,0.0,0.1,26.0
264,80164779,The Land of Steady Habits,2018,"After leaving his wife and his job to find happiness, Anders begins a clumsy, heartbreaking quest to reassemble the pieces of his fractured life.",145,25,98,drama,0.16666666666666666,0.5,84.0
268,81037283,Head Count,2018,A group of college students on a weekend getaway accidentally summon a supernatural entity intent on using them for its deadly ritual.,134,10,90,horror,0.0,0.0,63.0
317,70105368,Rachel Getting Married,2008,Longstanding family conflicts resurface when a former model who's been in and out of rehab for a decade returns home for her sister's wedding.,142,22,113,drama,0.25,0.25,84.0
337,80082969,Delirium,2018,A man with a history of mental issues moves into his late parents' mansion and comes to suspect his new home may be haunted.,124,8,96,horror,0.0,0.0,0.0
348,80242828,Stephanie,2017,"A menacing, unseen force stalks a young girl living by herself in a suburban house, where she's surrounded by reminders of her once-happy family.",145,9,86,horror,0.0,0.0,90.0
349,81004223,Terrifier,2017,"On Halloween night, inside a dilapidated apartment building, Art the Clown stalks his victims, slicing and slaughtering in terrifying silence.",142,9,84,horror,0.0,0.0,67.0
376,80139506,Little Evil,2017,"In this horror-comedy, a recently married man who wants to bond with his stepson begins to fear that the boy is a demon.",120,11,95,horror,-0.59375,0.75,92.0
451,80168222,Private Life,2018,"Struggling to conceive, a couple in their 40s are almost out of options – until a sliver of hope arrives in the form of their visiting step-niece.",146,12,124,drama,0.0,0.375,94.0
489,80199767,Cult of Chucky,2017,"Following a string of murders in the asylum where she's confined, Nica Pierce begins to wonder whether Chucky is real after all.",128,14,90,horror,0.0,0.0,78.0
491,80161921,Security,2017,"After taking a job as a mall security guard, a former Marine steps up to protect a young girl who's being hunted by heavily armed mercenaries.",142,8,92,action,0.0,0.0,37.0
508,81000863,14 Cameras,2018,"Upping the “13 Cameras” ante, this sequel finds a family renting a vacation house that’s been customized to violate their privacy.",130,10,89,horror,0.0,0.0,22.0
524,80173479,Strange Weather,2016,"A grieving mother takes a road trip with her friend to confront the man who, she believes, stole her late son's business idea to get rich.",138,15,91,drama,-0.05,0.15,61.0
529,80182014,Dolemite Is My Name,2019,"In 1970s LA, struggling comedian Rudy Ray Moore hits it big with his raunchy alter ego, Dolemite, then risks it all to take his act to the big screen.",150,19,118,drama,0.0,0.0,97.0
544,80064515,The Hateful Eight,2015,"Years after the Civil War, a bounty hunter and his captive are waylaid by a Wyoming blizzard and hole up in a way station with six dicey strangers.",147,17,168,action,0.0,0.0,75.0
559,80224536,ADAM SANDLER 100% FRESH,2018,"From ""Heroes"" to ""Ice Cream Ladies"" – Adam Sandler's comedy special hits you with new songs and jokes in an unexpected, groundbreaking way.",139,23,74,comedy,0.3,0.5,90.0
562,80017286,While We're Young,2015,"A documentary filmmaker struggling with a creative block meets a vibrant young hipster couple who, initially, bring new energy into his life and work.",150,17,97,drama,0.1,0.4,84.0
565,81027753,Jenny Slate: Stage Fright,2019,"Jenny Slate's first stand-up special is a mix of stage time, funny stories about adulthood and conversations with family in her childhood home.",143,25,67,comedy,0.0,0.0,100.0
566,15815343,The Texas Chainsaw Massacre,1974,"When some friends visit a vandalized graveyard, they come upon a chainsaw-wielding maniac, and it's a fight to the bloody death between good and evil.",150,27,83,horror,0.0,0.0,13.0
586,80135164,1922,2017,"A farmer pens a confession admitting to his wife's murder, but her death is just the beginning of a macabre tale. Based on Stephen King's novella.",146,4,103,drama,0.0,0.0,90.0
590,80113669,Wheelman,2017,The getaway driver in a botched robbery puts his skills and smarts to the test when he receives shocking orders from an unknown caller.,135,8,82,action,0.0,0.0,87.0
619,80039069,Sleeping with Other People,2015,"Many years after hooking up in college, two people cross paths and realize they are both serial philanderers who need each other's help to reform.",146,26,101,drama,-0.125,0.375,64.0
643,80206910,Eli,2019,"With his desperate parents in tow, an 11-year-old boy with a debilitating illness checks into an isolated clinic to undergo experimental therapy.",145,3,98,horror,0.0,0.0,47.0
654,80994011,The Laundromat,2019,"When a widow gets swindled out of insurance money, her search for answers leads to two cunning lawyers in Panama who hide cash for the superrich.",145,14,96,drama,0.0,0.0,42.0
664,80177406,Patton Oswalt: Annihilation,2017,"By turns scathing and candid, Patton Oswalt reflects on the glut of comic material in the Trump era and the dark days following a personal tragedy.",147,27,66,comedy,0.0,0.0,100.0
681,80043049,Anthony Jeselnik: Thoughts and Prayers,2015,There's no subject too dark as the comedian skewers taboos and riffs on national tragedies before pulling back the curtain on his provocative style.,148,38,59,comedy,0.0,0.0,100.0
740,80164456,The Babysitter,2017,"When Cole stays up past his bedtime, he discovers that his hot babysitter is part of a satanic cult that will stop at nothing to keep him quiet.",144,14,85,horror,0.0,0.0,36.0
741,80174434,The Meyerowitz Stories (New and Selected),2017,Grudges and rivalries abound as three adult siblings converge in New York to contend with their prickly artist father – and his fading legacy.,142,41,113,drama,0.13636363636363635,0.45454545454545453,93.0
758,81078819,El Camino: A Breaking Bad Movie,2019,"Fugitive Jesse Pinkman attempts to outrun his past. Written and directed by ""Breaking Bad"" creator Vince Gilligan, starring Aaron Paul.",135,31,123,drama,-0.6999999999999998,0.6666666666666666,91.0
772,81015317,Tales From the Hood 2,2018,Buckle up for an anthology of socially conscious horror stories that focus on the perils of racial injustice and the price of ignorance.,136,21,110,horror,0.0,0.0,75.0
781,269880,Bad Boys,1995,"In this fast-paced actioner, two Miami narcotics cops are hot on the trail of a master crook who has snatched $100 million worth of heroin.",139,8,119,action,-0.6999999999999998,0.6666666666666666,76.0
782,60029167,Bad Boys II,2003,"In this hyperkinetic sequel, a pair of Miami narcotics cops investigate a Cuban drug kingpin's connection to Florida's influx of Ecstasy.",137,11,147,action,-0.6999999999999998,0.6666666666666666,23.0
783,60020891,Blow,2001,Cocaine smuggler George rises from poverty to become one of the biggest drug dealers in America before his eventual downfall.,125,4,123,drama,0.0,0.0,55.0
795,60020892,Exit Wounds,2001,Maverick cop Orin Boyd joins forces with an unlikely ally in gangster Latrell Walker to take down a group of dirty Detroit cops.,128,11,101,action,0.0,0.0,32.0
817,70020699,Raging Bull,1980,"This gritty biopic of brutal boxer Jake LaMotta portrays a tormented soul rising to the top of his sport, only to be undone by his demons.",138,11,129,drama,0.0,0.0,94.0
819,1181550,Scream 2,1997,"Gale has written a best-seller which has been turned into a film. As the movie premiere looms closer, the mysterious deaths begin again.",136,8,121,horror,0.0,0.0,82.0
822,70021630,Sin City,2005,"In these intertwined tales, an ex-con avenges a hooker's death, a gumshoe gets mixed up with dangerous vixens, and a cop saves a dancer from a rapist.",150,8,124,action,0.0,0.0,77.0
839,70020750,The Squid and the Whale,2005,This insightful drama looks at the crumbling marriage between a self-centered novelist – whose career is waning – and his up-and-coming writer wife.,148,23,81,drama,0.0,0.0,92.0
853,70112494,Brooklyn's Finest,2009,"Three cops find themselves hurtling toward the same crime scene on one fatal night in this tense, edge-of your-seat thriller.",125,17,133,drama,0.0,0.0,44.0
873,70211216,Kevin Hart: Laugh at My Pain,2011,"Sometimes edgy and always hilarious, comedian Kevin Hart shines in this theatrical version of his record-breaking 2011 live tour.",129,28,89,comedy,0.3,0.1,71.0
1012,70243445,Hit & Run,2012,"Determined to get his fiancée to L.A. to take advantage of an amazing opportunity, Charlie breaks out of the witness protection program to drive her.",149,9,100,action,0.0,0.0,48.0
1025,80046777,Krisha,2015,"After 10 years away from her family, Krisha returns for Thanksgiving, but bitter grudges and troubling addictions threaten to ruin the event.",141,6,81,drama,0.0,0.0,95.0
1030,81092045,Burning Cane,2019,"A small-town Louisiana minister and one of his parishioners cope with grief, alcoholism and a crisis of faith in this dramatic character study.",143,12,78,drama,0.0,0.0,91.0
1036,80167628,The Lovers,2017,"On the verge of divorce, a middle-aged couple, each involved in a serious affair, rethink their marriage and the meaning of love and fidelity.",142,10,98,drama,0.0,0.0,82.0
1096,70101696,Defiance,2008,"In this action-packed drama based on an extraordinary true story, four brothers protect more than 1,000 Jewish refugees during World War II.",140,8,137,action,0.0,0.0,57.0
1100,80175798,The Irishman,2019,Hit man Frank Sheeran looks back at the secrets he kept as a loyal member of the Bufalino crime family in this acclaimed film from Martin Scorsese.,147,12,209,drama,0.0,0.0,96.0
1105,81062293,Mike Birbiglia: The New One,2019,Comedian Mike Birbiglia hits Broadway with a hilarious yet profound one-man show that recounts his emotional and physical journey to parenthood.,144,27,86,comedy,0.13636363636363635,0.45454545454545453,100.0
1120,80125671,Shot Caller,2017,"Trying to go straight, a once-successful businessman fresh out of prison is forced to orchestrate a brazen crime or risk his family.",132,11,121,drama,0.0,0.0,67.0
1122,80174220,Bushwick,2017,"When their diverse neighborhood is besieged by a mysterious militia, a grad student and an ex-Marine become an unlikely team in a battle for survival.",150,8,94,action,0.0,0.0,46.0
1128,70235384,End of Watch,2012,"Officers Taylor and Zavala patrol the streets of South Central Los Angeles, an area of the city ruled by gangs and riddled with drug violence.",142,12,109,action,0.0,0.0,85.0
1129,569355,Hamburger Hill,1987,The Vietnam War's horrors come brutally to life through the eyes of American soldiers trying to take a heavily fortified hill under Vietcong control.,149,14,110,action,0.0,0.0,100.0
1149,80077402,Mercy,2016,Two brothers clash with their half-siblings when a visit home to see their dying mother surfaces old secrets and becomes a fight for survival.,142,5,88,drama,0.0,0.0,83.0
1168,70053833,Black Snake Moan,2007,"Lazarus finds Rae beaten and near death, and acts as a father figure to help redeem her. But before saving anyone, Lazarus must face his own demons.",148,16,116,drama,-0.16666666666666666,0.43333333333333335,66.0
1173,60022413,Eye for an Eye,1996,Grieving mother Karen McCann takes justice into her own hands when the man who raped and murdered her daughter is freed on a technicality.,138,14,101,drama,0.0,0.0,8.0
1184,70215455,The Devil Inside,2012,"At once spooky and grisly, this thriller follows a woman's quest to find the truth behind claims her mother killed three people during an exorcism.",147,16,84,horror,0.0,0.0,6.0
1186,60003508,The Gift,2000,"When the authorities find a drowned woman's body, a small-town psychic starts having visions of who committed the murder.",121,8,112,drama,0.0,0.0,100.0
1194,70173046,Young Adult,2011,"When a divorced writer gets a letter from an old boyfriend announcing his wife's had a baby, she returns to her hometown to reconnect with her ex.",146,11,94,drama,0.1,0.35,80.0
1196,70044686,Zodiac,2007,"A political cartoonist, a crime reporter and a pair of cops investigate San Francisco's infamous Zodiac Killer in this thriller based on a true story.",150,6,158,drama,0.0,0.0,89.0
1245,80175694,Mudbound,2017,"Two Mississippi families – one black, one white – confront the brutal realities of prejudice, farming and friendship in a divided World War II era.",147,8,135,drama,0.0,0.0,97.0
1249,70189289,Drive,2011,A Hollywood stuntman and getaway driver is lured from his isolated life by a lovely neighbor – until her violent husband is released from prison.,145,5,100,action,0.0,0.0,38.0
1259,80200267,The Ballad of Buster Scruggs,2018,"Ranging from absurd to profound, these Western vignettes from the Coen brothers follow the adventures of outlaws and settlers on the American frontier.",151,28,133,drama,0.0,0.0,91.0
1264,80244457,Earthquake Bird,2019,"In 1980s Tokyo, an enigmatic expat is suspected of killing her friend, who's gone missing in the wake of their love triangle with a local photographer.",151,15,107,drama,0.0,0.0,50.0
1312,80191109,Hickok,2017,"While serving as the marshal of rowdy Abilene, Kansas, ""Wild Bill"" Hickok uses guns and gall to tidy up the lawless frontier town.",130,6,88,action,0.0,0.0,57.0
1320,80058424,John Mulaney: The Comeback Kid,2015,"Armed with boyish charm and a sharp wit, the former ""SNL"" writer offers sly takes on marriage, his beef with babies and the time he met Bill Clinton.",149,30,62,comedy,0.0,0.0,100.0
1323,80060034,Green Room,2015,"At the end of their low-budget tour, a punk band accepts a gig at an isolated rural club, only to discover that their hosts are neo-Nazis.",138,10,95,horror,-0.2,0.3,91.0
1325,70117297,A Single Man,2009,This stream-of-consciousness drama centers on a day in the life of a gay college professor who's reeling from his longtime lover's recent death.,144,12,100,drama,-0.07142857142857142,0.21428571428571427,85.0
1327,81152923,Submission,2019,"After a near-death trip home, a Marine looking to help his comrade survive returns to the underground world of MMA, where new battles await.",140,10,95,action,0.0,0.0,49.0
1348,18002692,American History X,1998,A neo-Nazi gets sent to prison for murder and comes out a changed man. But can he prevent his younger brother from following in his footsteps?,142,18,119,drama,0.0,0.0,83.0
1349,81024100,American Son,2019,Time passes and tension mounts in a Florida police station as an estranged interracial couple awaits news of their missing teenage son.,135,12,90,drama,0.0,0.0,100.0
1365,485218,Executive Decision,1996,"When terrorists hijack a 747 and turn it into a nerve gas bomb aimed at Washington, D.C., commandos use an experimental plane to try to stop them.",146,18,133,action,0.0,0.0,64.0
1367,11819434,Fear and Loathing in Las Vegas,1998,A sportswriter and his Samoan lawyer embark on a hallucinogenic three-day romp from Los Angeles to Las Vegas in this counterculture cult favorite.,146,30,118,drama,0.0,0.0,50.0
1385,70117305,Legion,2010,A motley crew of apocalypse survivors living at an abandoned truck stop never suspects that the pregnant woman among them is carrying the Messiah.,146,6,100,action,0.0,0.0,19.0
1390,1150871,Love Jones,1997,"In this urban romantic comedy set in Chicago, the ups and downs of courtship play out between a young black poet and a pretty shutterbug.",137,10,109,drama,0.5,0.6,73.0
1393,1179583,Money Talks,1997,"TV news reporter James Russell helps put small-time criminal Franklin Hatchett in jail, but turns to protecting Hatchett when he escapes from prison.",149,11,96,action,0.0,0.0,16.0
1399,60023638,Paid in Full,2002,This fictionalized account of three real-life notorious Harlem drug dealers is told in flashbacks as they plunge into the world of hustling.,140,12,98,action,0.35,0.55,53.0
1403,60002403,Rosemary's Baby,1968,"A woman is thrilled to find out she's pregnant. But as her belly grows, the more certain she becomes that her unborn child is in serious danger.",144,15,137,horror,0.0,0.0,96.0
1404,17236920,Rounders,1998,"A law student befriends and ""befoes"" a fellow gambling addict and a club owner, and tensions run high when they must come up with $15k in just 5 days.",150,8,121,drama,0.0,0.0,65.0
1407,973861,Sling Blade,1996,"A man returns home after being released from a psychiatric hospital, where he'd been confined since age 12 for murdering his mother and her lover.",146,11,135,drama,0.0,0.0,96.0
1412,60033247,Superfly,1972,"To get away from the thug life, cocaine dealer Youngblood Priest puts together one last deal that will net him enough money to start over.",138,8,91,action,0.0,0.0,92.0
1413,70060000,The Brave One,2007,New York City radio host Erica Bain decides to take the law into her own hands after losing her fiancé in a brutal Central Park attack.,135,13,122,drama,0.8,1.0,43.0
1420,684847,The Last Boy Scout,1991,Private eye Joe Hallenbeck is forced to team up with a disgraced quarterback to uncover a conspiracy by a politician and a football team owner.,143,18,105,action,0.0,0.06666666666666667,46.0
1422,20557937,The Matrix,1999,"A computer hacker learns that what most people perceive as reality is actually a simulation created by machines, and joins a rebellion to break free.",149,10,136,action,0.0,0.0,88.0
1423,60027695,The Matrix Reloaded,2003,"The crew must protect Zion, the last outpost still under human control, after it is pinpointed by the machines responsible for the Matrix.",138,19,138,action,0.0,0.0,73.0
1424,60031303,The Matrix Revolutions,2003,The final installment in the Matrix trilogy finds an unconscious Neo trapped in a subway station in a zone between the Matrix and the machine world.,148,22,129,action,0.0,0.0,35.0
1435,70123542,Zombieland,2009,"Looking to survive in a world taken over by zombies, a dorky college student teams with an urban roughneck and a pair of grifter sisters.",137,10,88,horror,0.0,0.0,67.0
1513,80156684,Savage Dog,2017,A former professional boxer serving time in a brutal labor camp must fight incredible odds to gain his freedom and avenge an act of violence.,141,10,95,action,0.0,0.0,73.0
1552,80134780,"Norm Macdonald: Hitler's Dog, Gossip & Trickery",2017,"In this new stand-up special, Norm Macdonald delivers sly, deadpan observations from an older – and perhaps even wiser – point of view.",135,47,61,comedy,0.0,0.0,100.0
1562,80221308,Desolation,2017,"Along with her son and best friend, a grieving widow hikes into the woods to scatter her late husband's ashes, only to discover they're being stalked.",150,10,76,horror,0.0,0.0,100.0
1563,80213657,Hari Kondabolu: Warn Your Relatives,2018,"Hari Kondabolu breaks down identity politics, celebrity encounters, his mango obsession and more in an unpredictable stand-up comedy special.",141,35,67,comedy,0.0,0.0,100.0
1580,80101493,Ali Wong: Baby Cobra,2016,"Ali Wong's stand up special delves into her sexual adventures, hoarding, the rocky road to pregnancy, and why feminism is terrible.",131,20,60,comedy,0.0,0.0,100.0
1581,80235472,Death House,2017,Two federal agents battle through an army of rioting prisoners – and their sense of reality – inside a high-tech prison modeled after Dante’s Inferno.,150,11,88,horror,0.0,0.0,40.0
1619,70299863,The One I Love,2014,"Confronted with the potential end of their marriage, Ethan and Sophie take off for a weekend together, hoping to negotiate their future.",136,14,91,drama,0.5,0.6,82.0
1620,80133554,Sarah Silverman A Speck of Dust,2017,"In her first comedy special post-health scare, Sarah Silverman shares a mix of fun facts, sad truths and yeah-she-just-went-there moments.",138,31,71,comedy,0.0,0.0,100.0
1625,81028570,"Extremely Wicked, Shockingly Evil and Vile",2019,Single mother Liz falls for Ted Bundy and refuses to believe the truth about his crimes for years. A drama based on a true story.,129,42,110,drama,-0.5625,1.0,55.0
1642,80063265,The Do-Over,2016,The life of a bank manager is turned upside down when a friend from his past manipulates him into faking his own death and taking off on an adventure.,150,11,109,action,0.0,0.0,10.0
1650,80068327,War Machine,2017,"When a proud general is tasked with winning an unpopular war, he takes the challenge head-on, not knowing that hubris may be his own worst enemy.",145,11,123,drama,0.0,0.0,48.0
1663,80211638,The Perfection,2019,"In this twisty horror-thriller, a once-promising music prodigy reconnects with her former mentors, only to find them taken with a talented new pupil.",149,14,91,horror,0.0,0.0,10.0
1682,80038335,Jen Kirkman: I'm Gonna Die Alone (And I Feel Fine),2015,"Jen Kirkman delivers some sharp, hilarious truths about divorce, kids, sex and turning 40 in this Netflix original comedy special.",130,50,78,comedy,0.4166666666666667,0.5,100.0
1684,80121348,Moonlight,2016,"In a crime-infested Miami neighborhood, a gay African-American boy with a drug-addicted mother grows up with the help of a mentoring drug dealer.",145,9,111,drama,0.0,0.0,85.0
1685,81011598,Wanda Sykes: Not Normal,2019,"Wanda Sykes tackles politics, reality TV, racism and the secret she'd take to the grave in this rollicking, no-holds-barred stand-up special.",141,23,66,comedy,-0.075,0.6499999999999999,100.0
1692,70259801,Olympus Has Fallen,2013,A disgraced Secret Service agent must come to the rescue when Korean terrorists descend on the White House and take the president hostage.,138,18,119,action,0.0,0.0,49.0
1695,80133663,Maria Bamford: Old Baby,2017,"Maria Bamford performs a rapid-fire, playful stand-up set for crowds at park benches, bowling alleys and LA theaters in this roving comedy special.",147,23,64,comedy,0.1,0.2,100.0
1697,81043473,SGT. Will Gardner,2019,"A homeless vet who has PTSD steals a motorcycle and hits the road, trying to sort out what life means now that war is in the rear-view mirror.",142,17,125,drama,0.0,0.0,22.0
1721,80216758,See You Yesterday,2019,"As two teen prodigies try to master the art of time travel, a tragic police shooting sends them on a series of dangerous trips to the past.",139,17,87,drama,0.0,0.0,95.0
1740,70241757,The Place Beyond the Pines,2012,A violent confrontation between a motorcycle-riding bank robber and a rookie cop spirals into a tense generational feud.,120,26,140,drama,0.0,0.0,79.0
1741,80133551,Tracy Morgan: Staying Alive,2017,"In his first special since his serious car accident, Tracy Morgan cracks jokes about life in a coma, his second marriage and his family's dark side.",148,27,59,comedy,0.1,0.4,83.0
1765,80098287,Lovesong,2016,"Best friends Sarah and Mindy share an unexpected moment while on a road trip. Years later, the two struggle to reconnect before a wedding.",138,8,84,drama,0.0,0.0,83.0
1781,80186940,Ali Wong: Hard Knock Wife,2018,"Two years after the hit ""Baby Cobra,"" Ali Wong is back with another baby bump – and a torrent of hilarious truths about marriage and motherhood.",144,25,64,comedy,-0.2916666666666667,0.5416666666666666,100.0
1849,80238110,John Mulaney: Kid Gorgeous at Radio City,2018,"John Mulaney relays stories from his childhood and “SNL,” eviscerates the value of college and laments getting older in this electric comedy special.",149,40,65,comedy,0.7,0.9,100.0
1872,80179373,The Clapper,2017,"A newcomer ekes out a living in LA as a professional audience member on infomercials, but life gets complicated when he's thrust into the spotlight.",148,11,90,drama,0.0,0.0,23.0
1888,80103372,Don't Think Twice,2016,Six talented but struggling improv comics see a sudden shift in their troupe's dynamic after one of them lands a much-coveted gig on television.,144,17,92,drama,0.0,0.0,98.0
1928,80152434,The Outsider,2018,"An American soldier imprisoned in postwar Japan enters the dark world of the yakuza, adopting their way of life in repayment for his freedom.",141,12,121,drama,0.0,0.0,63.0
1929,70309693,Match,2014,"As a couple interviews a renowned dance professor for their dissertation, their probing questions soon betray a hidden agenda.",126,5,92,drama,0.0,0.0,82.0
1944,80184676,Juanita,2019,"Burdened by troubles in life and love, a mother of three grown children searches for hope and healing on an impromptu trip to Paper Moon, Montana.",146,7,90,drama,0.0,0.0,80.0
1956,80189630,Nappily Ever After,2018,"When a perfectionist ad exec experiences a romantic setback, she embarks on a journey of self-discovery that begins with a dramatic hair makeover.",146,18,99,drama,0.0,0.0,71.0
1964,80150002,Amy Schumer: The Leather Special,2017,"Comic sensation Amy Schumer riffs on sex, dating and the absurdities of fame in a bold and uncensored stand-up set at Denver's Bellco Theater.",142,32,57,comedy,0.35714285714285715,0.5714285714285714,50.0
1974,80174137,Gook,2017,"Amidst the looting and chaos of the LA riots, two Korean-American brothers fight to save their struggling shoe store while contemplating their future.",150,4,95,drama,0.0,0.0,94.0
1975,80038296,Aziz Ansari Live at Madison Square Garden,2015,"Stand-up comedian and TV star Aziz Ansari (""Parks and Recreation"") delivers his sharp-witted take on immigrants, relationships and the food industry.",149,41,58,comedy,0.13636363636363635,0.5,100.0
1981,80200961,The Hard Way,2019,"After learning his brother died on a mission in Romania, a former soldier teams up with two allies to hunt down a mysterious enemy and exact revenge.",149,12,94,action,-0.2916666666666667,0.5416666666666666,75.0
2014,80115857,The Discovery,2017,"A scientist whose proof of an afterlife caused a rash of suicides forges ahead with his research, while his disapproving son falls for a troubled woman.",152,13,102,drama,0.0,0.0,35.0
2031,80117458,First Match,2018,A tenacious high school girl raised in foster homes in the inner city tries to reconnect with her ex-con father by joining a boys wrestling team.,145,11,103,drama,0.25,0.3333333333333333,85.0
2042,80145255,Officer Downe,2016,Fallen Los Angeles police officer Terrence Downe finds new life as a secret weapon: a scientifically altered super-cop with unlimited lives.,140,13,91,action,0.0,0.0,33.0
2051,80200571,The Highwaymen,2019,Two steely former Texas Rangers are tasked with tracking and killing infamous criminals Bonnie and Clyde in this crime drama based on real events.,146,14,132,drama,0.0,0.0,57.0
2056,80170767,Wolves,2016,A promising high school basketball player has his eye on an Ivy League scholarship. But his father's secret addictions could ruin everything.,141,6,109,drama,0.0,0.0,83.0
2075,80082242,The Most Hated Woman in America,2017,"This drama follows the controversial life of outspoken atheist Madalyn Murray O'Hair, from her landmark court battles to her infamous abduction.",144,31,93,drama,-0.2,0.6,36.0
2080,80169617,"Game Over, Man!",2018,Three buddies with big dreams go from underachieving slackers to badass warriors when their posh hotel is taken over by terrorists.,131,15,102,action,-0.5,0.4,20.0
2083,80242378,Paradox,2018,Neil Young and his band of outlaws sow seeds of strange mischief and musical wonder under Western skies in this dreamlike film by Daryl Hannah.,143,7,74,drama,0.0,0.0,20.0
2085,80171733,Roxanne Roxanne,2018,"She grew up in a tough New York neighborhood in the '80s and made history with ""Roxanne's Revenge."" The story of teen battle rap champ Roxanne Shante.",150,15,100,drama,0.0,0.0,89.0
2096,80169469,The Dirt,2019,"In this unflinching biopic based on Mötley Crüe's best-selling book, four LA misfits navigate the monster highs and savage lows of music superstardom.",150,8,108,drama,0.0,0.0,11.0
2127,80156212,Wakefield,2016,"An unhappy father and lawyer quits his suburban life and vanishes into the attic above his garage, where he watches his family move on without him.",147,9,109,drama,0.0,0.0,74.0
2139,81037077,Amy Schumer Growing,2019,"Amy Schumer spills on her new marriage, personal growth, making a baby and her mom's misguided advice in a special that's both raunchy and sincere.",147,19,61,comedy,0.0,0.0,79.0
2142,80189216,In Search of Fellini,2017,A naive and sheltered young woman embarks on a whimsical adventure across Italy in the hopes of meeting director Federico Fellini.,130,20,103,action,0.0,0.0,89.0
2144,81019338,All About Nina,2018,"Fearless provocation has fueled stand-up comic Nina Geld's career, but a move to LA and a new love take her to new levels of honesty.",133,14,101,drama,0.0,0.0,86.0
2164,70307848,5 to 7,2014,A young novelist's life is turned upside down when a chance encounter outside a New York hotel leads to an intense affair with a diplomat's wife.,145,6,97,drama,0.0,0.0,70.0
2168,80100260,The Hollow Point,2016,New straight-arrow sheriff Wallace finds he must join forces with brutal ex-lawman Leland to protect a troubled border town from a cartel hit man.,146,16,97,action,-0.1,0.05,36.0
2239,80192187,Triple Frontier,2019,"Loyalties are tested when five former special forces operatives reunite to steal a drug lord's fortune, unleashing a chain of unintended consequences.",150,15,126,action,0.0,0.0,71.0
2251,80174144,Bitch,2017,"Cracking under the demands of children and a philandering, thankless husband, an overworked suburban mother assumes the persona of a ferocious dog.",147,5,97,drama,0.0,0.0,29.0
2259,80097003,Burning Sands,2017,Promising student Zurich opens his eyes to some hard truths when his fraternity's violent hazing escalates into a disastrous hell night.,136,13,102,drama,0.0,0.0,88.0
2303,70024098,Junebug,2005,"When a big-city art dealer travels to North Carolina to meet her new husband's small-town family, their trip gives rise to a multitude of problems.",147,7,107,drama,0.0,0.0,86.0
2321,70129374,Winter's Bone,2010,"In this unflinching noir drama, a resilient teen goes on the trail of her missing, drug-dealing father when his absence threatens the family's safety.",150,13,100,drama,0.0,0.0,94.0
2358,80082014,Love Beats Rhymes,2016,"After enrolling in a college poetry course, a struggling rapper finds inspiration for her new voice through slam poetry.",120,17,106,drama,0.5,0.6,44.0
2432,60024935,Equilibrium,2002,"In a dystopian future, a totalitarian regime maintains peace by subduing the populace with a drug, and displays of emotion are punishable by death.",147,11,107,action,0.0,0.0,40.0
2433,80168189,Alex Strangelove,2018,High school senior Alex Truelove's plan to lose his virginity to lovable girlfriend Claire goes awry when he meets the equally lovable Elliot.,142,16,100,drama,0.0,0.0,80.0
2452,70294793,A Perfect Man,2013,"Nina thinks her husband, James, is cheating on her, and she sets out to prove it by calling him and pretending to be another woman.",131,13,94,drama,1.0,1.0,20.0
2455,80079473,Cabin Fever,2016,"As a flesh-eating virus rips its way through a remote woodland cabin, the terrified teens vacationing inside wonder who'll fall victim next.",140,11,98,horror,0.0,0.0,62.0
2472,70270388,Would You Rather,2013,"In need of cash to help her sick brother, a young woman agrees to take part in a lethal winner-takes-all parlor game hosted by a sadistic millionaire.",150,16,93,horror,0.0,0.0,59.0
2483,70293788,Night Moves,2013,A pair of young environmentalists enlist the help of an ex-military explosives expert to carry out a dangerous act of eco-terrorism.,132,11,113,drama,0.0,0.0,86.0
2486,80220676,Mohawk,2017,"During the War of 1812, two Native Americans and their British ally are pursued into enemy territory by American soldiers thirsting for revenge.",144,6,92,action,0.0,0.0,83.0
2499,80106124,Bo Burnham: Make Happy,2016,"Combining his trademark wit and self-deprecating humor with original music, Bo Burnham offers up his unique twist on life in this stand-up special.",147,22,60,comedy,0.8,1.0,100.0
2509,80217569,TAU,2018,"Kidnapped by an inventor who uses her as a test subject to perfect his robotic AI, a street-smart young woman tries to escape her high-tech prison.",147,3,98,sci-fi,0.0,0.0,63.0
2512,80134080,20th Century Women,2016,"In 1979, single bohemian mom Dorothea, hoping to help her teen son find his place as a man, asks two young women to share their lives with him.",143,18,119,drama,0.0,0.0,89.0
2536,80200015,W. Kamau Bell: Private School Negro,2018,"Comedian W. Kamau Bell muses on parenting in the Trump era, ""free speech"" dustups, woke children's TV and his fear of going off the grid.",137,35,66,comedy,0.0,0.375,82.0
2537,80161640,I Am Michael,2015,Gay activist Michael Glatze begins a painful journey when he decides to renounce his sexuality for his religion in this drama based on true story.,146,12,102,drama,0.0,0.0,64.0
2551,80097349,The Fundamentals of Caring,2016,"In this inspirational buddy comedy, a young shut-in and his caregiver take a road trip in search of landmarks, but end up finding hope and friendship.",150,26,97,drama,0.0,0.0,77.0
2593,80185223,Rory Scovel Tries Stand-Up for the First Time,2017,"Comedian Rory Scovel storms the stage in Atlanta, where he shares unfocused thoughts about things that mystify him, relationships and the ""Thong Song.""",151,45,66,comedy,0.075,0.3666666666666667,89.0
2598,80108430,The Duel,2016,"In 1866, a Texas Ranger investigates some suspicious deaths in a town ruled by a religious despot whose past contains a disturbing link to his own.",147,8,110,drama,0.0,0.0,92.0
2605,80216302,Beats,2019,"On Chicago's South Side, hip-hop prodigy August Monroe navigates crippling anxiety and new creative frontiers with the help of an unlikely mentor.",146,5,110,drama,0.0,0.0,90.0
2615,81001090,Big Kill,2018,A tenderfoot and two gamblers seeking their fortunes in a boom town instead find themselves defending it from a gunslinging preacher and his gang.,146,8,126,action,0.0,0.1,22.0
2625,80038159,The Stanford Prison Experiment,2015,"Conducting a study on the psychology of incarceration, a Stanford professor assigns guard and prisoner roles to 24 male test subjects in a mock jail.",149,30,122,drama,0.0,0.0,84.0
2676,80168221,"Oh, Hello On Broadway",2017,"Two delusional geriatrics reveal curious pasts, share a love of tuna and welcome a surprise guest in this filming of the popular Broadway comedy show.",150,21,102,comedy,0.0,0.0,88.0
2686,80132601,Havenhurst,2016,"An alcoholic with a tragic past rents an apartment in a building for those in recovery, but soon learns the truth about residents who get ""evicted.""",148,10,85,horror,0.0,0.0,27.0
2696,70202141,50/50,2011,An otherwise healthy twentysomething has a comically early midlife crisis when he gets slapped with a cancer diagnosis and a 50-50 chance of survival.,150,5,100,drama,0.0,0.0,93.0
2699,352989,Carrie,1976,"An outcast teen with telekinetic ability lashes out with her deadly power when the high school ""in crowd"" torments her with a sick joke at the prom.",148,6,98,horror,0.0,0.0,50.0
2706,70098605,Righteous Kill,2008,"Two detectives investigate a rash of vigilante killings linked to an old case, suggesting they might have put an innocent man behind bars.",138,14,101,drama,0.0,0.0,18.0
2724,80168167,Outside In,2018,"After serving time for a crime he didn’t commit, a 38-year-old man forms a complicated, life-altering bond with the woman who advocated for his early release.",158,10,110,drama,0.0,0.05,95.0
2767,81098589,Aziz Ansari: RIGHT NOW,2019,"In a comedy special directed by Spike Jonze, Aziz Ansari shares deep personal insights and hilarious takes on wokeness, family and the social climate.",150,22,65,comedy,0.2857142857142857,0.5357142857142857,86.0
2793,70122316,Blue Valentine,2010,"As Cindy and Dean muddle through their languishing marriage, they hearken back to the golden days when life was filled with possibility and romance.",148,14,112,drama,0.0,0.1,87.0
2817,70074100,All the Boys Love Mandy Lane,2006,"During a weekend excursion to a secluded ranch, an unwelcome visitor begins picking off the randy admirers of teenage temptress Mandy Lane.",139,28,91,horror,0.5,0.6,43.0
2824,70278933,Her,2013,Love comes to a lonely writer in the sleekest of packages when he finds himself falling for the advanced operating system he bought to run his life.,148,3,126,drama,0.0,0.0,100.0
2825,80093198,Tallulah,2016,"While searching for her ex-boyfriend, a young drifter impulsively kidnaps a baby from a neglectful mother and pretends the child is her own.",140,8,112,drama,0.0,0.0,85.0
2828,70124965,The Company Men,2010,A successful businessman comes face-to-face with America's downsizing epidemic when he loses his job and is forced to take a construction gig.,142,15,105,drama,0.0,0.0,67.0
2835,80236421,Extinction,2018,"Plagued by dreams of an alien invasion, a family man faces his worst nightmare when an extraterrestrial force begins exterminating Earth's inhabitants.",151,10,95,action,0.0,0.0,18.0
2856,80038337,Mississippi Grind,2015,A gambler mired in debt thinks another cardsharp may just be his good luck charm as the two head for New Orleans to buy into a high-stakes poker game.,150,17,109,drama,0.0,0.0,91.0
2857,80053475,Mojave,2015,A lethal game of cat and mouse stretches from the desert to Tinseltown after Hollywood bad boy Thomas runs afoul of a cunning and dangerous drifter.,148,6,93,drama,0.0,0.0,31.0
2861,80037478,The End of the Tour,2015,"""Rolling Stone"" reporter David Lipsky shadows famed writer David Foster Wallace in this fictionalized account of their revealing five-day encounter.",148,19,106,drama,0.0,0.0,92.0
2875,80213658,Iliza Shlesinger: Elder Millennial,2018,"Newly engaged comic Iliza Shlesinger dives into undeniable truths about life at age 35, the insanity of the road traveled and what's to come.",141,34,72,comedy,0.0,0.0,60.0
2877,80014857,Tusk,2014,"When a wise-guy podcaster interviews a disabled seafarer, he decides to embark on a transformational quest to track down a dangerous walrus-monster.",148,4,102,horror,0.0,0.0,45.0
2897,70299270,Life After Beth,2014,"Following the death of his beloved girlfriend, Beth, Zach is first shattered and then overjoyed when she inexplicably comes back to life.",137,15,89,horror,0.0,0.0,44.0
2925,70301275,Obvious Child,2014,"After being fired from her job and dumped by her cheating boyfriend, a comedian has a one-night stand. Weeks later, she finds out she's pregnant.",145,13,84,drama,0.0,0.5,90.0
2933,70272893,Short Term 12,2013,"A new charge at a foster care facility dredges up the memories of a young supervisor's own troubled past, and her tough exterior begins eroding.",144,13,97,drama,0.0,0.3,98.0
2970,80049979,The Adderall Diaries,2015,Author Stephen Elliott has a problem separating his own life from incidents in the life of a convicted murderer about whom he's writing a book.,143,20,87,drama,0.0,0.0,21.0
2971,70267439,The Spectacular Now,2013,"Classmates Aimee and Sutter form an unlikely friendship, and after helping Aimee raise her social confidence, Sutter begins falling for his creation.",149,19,95,drama,0.6,0.9,91.0
2978,80064459,Rebirth,2016,"Long-lost buddy Zack gets suburban dad Kyle on a bus to a Rebirth seminar, sending him down a rabbit hole of psychodrama, seduction and violence.",145,7,101,drama,0.0,0.0,92.0
2987,80171659,To the Bone,2017,"Ellen, a 20-year-old with anorexia nervosa, goes on a harrowing, sometimes funny journey of self-discovery at a group home run by an unusual doctor.",148,11,108,drama,0.0,0.0,94.0
2990,70306646,Creep,2014,"When a cash-strapped videographer takes a job in a remote mountain town, he finds that the client has some unsettling ideas in mind.",132,5,78,horror,0.0,0.0,24.0
2993,80167481,How It Ends,2018,"When a mysterious disaster turns the country into a war zone, a young lawyer heads west with his future father-in-law to find his pregnant fiancée.",147,11,113,action,0.0,0.0,18.0
2995,70270773,Kevin Hart: Let Me Explain,2013,"Philadelphia funnyman Kevin Hart takes the stage in front of a sold-out crowd at Madison Square Garden, part of his hit ""Let Me Explain"" world tour.",148,26,75,comedy,0.0,0.0,61.0
3018,70084221,Smart People,2008,An unexpected romance and a surprise visit from his wild brother turn the life of widowed professor Lawrence Wetherhold upside down.,132,12,95,drama,0.21428571428571427,0.6428571428571429,49.0
3035,70084148,Frozen River,2008,"On a Mohawk reservation on the Canadian border, Ray Eddy teams with a widowed tribe member to smuggle illegal immigrants into the United States.",144,12,97,drama,0.0,0.0,88.0
3039,70128697,Kill the Irishman,2011,"This true crime tale charts the rise and fall of mobster Danny Greene, who faced down the Mafia to gain control of organized crime in 1970s Cleveland.",150,17,106,action,0.0,0.0,62.0
3043,70001958,Mean Streets,1973,"In New York's Little Italy, a low-level hoodlum wrestles with loyalty to his mobster uncle, his faith and his friendship with an inveterate gambler.",148,12,112,drama,-0.3125,0.6875,97.0
3071,60029369,Rain Man,1988,"A fast-talking yuppie is forced to slow down when he meets the brother he never knew he had, an unusually gifted autistic savant named Raymond.",143,8,134,drama,0.0,0.0,90.0
3080,60020745,Swordfish,2001,"Determined to get his mitts on $9 billion in a secret DEA account so he can fight terrorism, a rogue agent recruits an encryption expert to hack in.",148,9,99,action,0.0,0.0,25.0
3081,18907685,Taxi Driver,1976,"Enraged by New York's moral rot and urban decay, an unhinged cab driver goes mad, plotting an assassination and saving a teen sex worker.",137,11,114,drama,0.0,0.0,97.0
3084,70114342,The Book of Eli,2010,"Determined to protect a sacred text that promises to save humanity, Eli goes on a quest westward across the barren, postapocalyptic country.",140,15,118,action,0.0,0.0,47.0
3091,70001777,Who's That Knocking at My Door?,1967,"A woman's revelation that she was once raped sends her boyfriend, a reformed street thug, into an emotional and spiritual tailspin.",131,31,90,drama,0.0,0.0,70.0
3103,80115118,Duck Butter,2018,"Wary of dishonesty in relationships, two young women embark on a 24-hour experiment on intimacy, but their romance flounders as the clock winds down.",149,11,94,drama,0.0,0.0,57.0
3109,60029032,Melvin Goes to Dinner,2003,"When Melvin and his friends gather for dinner, their casual conversation takes a sharp turn as they begin to disclose raw truths about themselves.",146,21,84,drama,0.0,0.0,100.0
3145,80107948,Here Alone,2016,"When she finally encounters two other survivors, a woman alone in a world decimated by a zombie epidemic struggles to trust her new companions.",143,10,97,horror,0.0,0.0,50.0
3191,70251894,The Conjuring,2013,"Based on true events, this spine-chiller tells the story of a New England family who begins having encounters with spirits in their farmhouse.",142,13,112,horror,0.0,0.0,85.0
3194,80173542,A Ghost Story,2017,"Following a fatal car crash, a man's spirit remains stuck in the home he shared with his wife as doors into the past and future begin to open.",142,13,92,drama,0.0,0.0,91.0
3311,80208684,Todd Glass: Act Happy,2018,Try to keep up as comedian Todd Glass delivers rapid-fire stand-up that bounces from his heart attack to his coming out to how to eat a Kit Kat.,144,21,63,comedy,0.8,1.0,100.0
3335,80198661,The Open House,2018,"Following a tragedy, a mother and her teen son move to a relative's vacant vacation home, where eerie and unexplained forces conspire against them.",147,14,95,horror,0.0,0.5,15.0
3357,80117452,Neal Brennan: 3 Mics,2017,"Wicked one-liners and soul-baring confessions converge in this uniquely intimate stand-up special from ""Chappelle's Show"" co-creator Neal Brennan.",146,20,66,comedy,0.5,1.0,100.0
3358,80152003,Roger Corman's Death Race 2050,2017,"In this dystopian sequel, kills equal points in a violently gory annual cross-country road race sponsored by the United Corporations of America.",144,30,93,action,0.0,0.0,88.0
3361,81147285,Deadcon,2019,"A group of uber-popular, social media influencers’ trip to a digital media festival grows dark when an evil spirit wants to lure them to their demise.",150,7,78,horror,0.0,0.0,50.0
3365,81235729,Jezebel,2019,"During the internet's infancy, a vulnerable woman follows her sister into the sex industry as a webcam model but her sudden popularity tests their bond.",152,7,86,drama,0.0,0.0,94.0
3372,70275751,Dallas Buyers Club,2013,"Refusing to accept a death sentence from his doctor after being diagnosed with AIDS in 1986, Ron Woodroof smuggles medications from abroad.",139,18,117,drama,0.0,0.0,93.0
3381,81144867,Saving Zoë,2019,A reserved high school freshman acts out when she recovers a diary that offers clues to a secret world that could be behind her sister's murder.,144,10,95,drama,0.0,0.0,0.0
3382,81127333,The Brave,2019,"With entry into the European Union at stake, Albania must rely on a mash-up of elite cops to take down a slippery drug lord dominating its economy.",147,9,103,action,0.8,1.0,76.0
3404,80223136,Face 2 Face,2017,"Two former friends, who now live far apart, learn about each other's insecurities and secrets over a series of video chats.",123,11,89,drama,0.0,0.0,80.0
3420,80106440,Teenage Cocktail,2016,"Two teen girls form an intense bond and launch a lucrative webcam business, leading them to a dangerous encounter with a middle-aged married man.",145,16,89,drama,0.0,0.0,100.0
3427,81060049,Leslie Jones: Time Machine,2020,"From trying to seduce Prince to battling sleep apnea, Leslie Jones traces her evolution as an adult in a joyfully raw and outrageous stand-up special.",150,26,66,comedy,0.0,0.0,100.0
3428,70244163,The Master,2012,"A heavy-drinking loner finds some semblance of a family when he stumbles onto the ship of Lancaster Dodd, the charismatic leader of a new ""religion.""",149,10,137,drama,0.0,0.0,85.0
3432,70298946,Camp X-Ray,2014,"Fresh Army recruit Amy Cole is assigned to Guantanamo Bay's Camp X-Ray, where she forms a surprising bond with one of the prisoners in her charge.",146,10,117,drama,0.0,0.0,75.0
3437,80115030,The Last Face,2016,Savage civil war and a dispute over humanitarian assistance threaten to unravel a checkered romance between an aid director and a doctor.,137,13,131,drama,0.0,0.06666666666666667,8.0
3438,70291114,13 Sins,2014,"A man agrees to appear on a game show with a $6 million prize. But as the challenges become more extreme, he realizes he's made a grave mistake.",144,7,93,horror,0.0,0.0,65.0
3440,70113534,The Fighter,2010,"After a string of defeats, a boxer rediscovers his fighting will with help from his trainer and half-brother, a once-talented pugilist.",135,11,116,drama,0.0,0.0,91.0
3448,80990532,He's Out There,2018,"While vacationing at a remote lake house, a mother and her daughters become pawns in the twisted game of an ax-wielding psychopath.",131,14,89,horror,0.0,0.0,43.0
3453,80187307,Tom Segura: Disgraceful,2018,"Tom Segura gives voice to the sordid thoughts you'd never say out loud, with blunt musings on porn, parking lot power struggles, parenthood and more.",149,23,71,comedy,0.0,0.0,100.0
3462,80202273,The Last Laugh,2019,"After moving to a retirement home, restless talent manager Al reconnects with long-ago client Buddy and coaxes him back out on the comedy circuit.",146,14,99,drama,0.15,0.08333333333333334,100.0
3463,80170870,Dayveon,2017,"Following the shooting death of his older brother, a depressed and aimless 13-year-old boy falls in with a gang in rural Arkansas.",130,7,76,drama,0.0,0.0,71.0
3471,484369,The Evil Dead,1981,"During a stop at a remote cabin deep within the woods, a group of teens begins turning into flesh-eating zombies in director Sam Raimi's cult classic.",150,13,85,horror,-0.6,0.7,62.0
3483,60000407,American Beauty,1999,"While struggling to endure his tightly wound wife, an unfulfilling job and a surly teen, a man becomes obsessed with one of his daughter's friends.",147,15,122,drama,0.0,0.0,87.0
3494,1151188,Chasing Amy,1997,"Comic book artist Holden meets the perfect woman, only to learn that she's a lesbian. But that doesn't stop him from falling in love with her.",142,11,113,drama,0.0,0.0,87.0
3503,1151721,Donnie Brasco,1997,"When FBI agent Joe Pistone goes undercover to infiltrate the mob, he starts to identify with the made men he's charged with taking down.",136,13,127,drama,0.0,0.0,88.0
3509,60000393,Final Destination,2000,"After narrowly avoiding a fatal plane explosion, a group of seemingly lucky teen classmates finds that Death is not so easily cheated.",134,17,98,horror,0.0,1.0,29.0
3513,70104894,Friday the 13th,2009,"A group of teenage camp counselors raises the ire of Jason Voorhees, a masked, homicidal maniac, in this remake of the classic slasher flick.",141,15,97,horror,0.0,0.0,26.0
3538,60000440,Magnolia,1999,"Through chance, human action, past history and divine intervention, an eclectic cast of characters weaves and warps through each other's lives.",143,8,189,drama,0.0,0.0,83.0
3548,70125581,Paranormal Activity,2007,"When Katie and Micah fear their home may be haunted by a demonic presence, Micah sets up a video camera to document all the action.",131,19,86,horror,0.0,0.0,83.0
3549,846071,Patriot Games,1992,CIA desk jockey Jack Ryan plunges into the heart of international terrorism after spoiling an assassination attempt on a British royal family member.,149,13,117,action,0.0,0.0,72.0
3554,80095807,Riot,2015,"Seeking vengeance for the murder of his wife, a cop robs a bank in order to be thrown into prison with the Russian kingpin who ruined his life.",143,4,88,action,0.0,0.0,89.0
3557,60000870,Scary Movie,2000,"The Wayans brothers spoof some of Hollywood's biggest blockbusters, including Scream, I Know What You Did Last Summer, The Matrix and American Pie.",147,11,88,horror,-0.5,1.0,53.0
3558,70260512,Seal Team Six: The Raid on Osama Bin Laden,2012,"In this dramatic recreation, U.S. Navy SEAL Team 6 trains for a critical mission, then executes a tough nighttime raid on Osama Bin Laden's compound.",149,42,90,action,0.0,0.0,50.0
3559,80135276,Siren,2016,A groom-to-be and his pals celebrate with a debauched night out that ends with a supernatural assault by a stripper who is not what she appears to be.,150,5,83,horror,0.0,0.0,74.0
3571,70021631,The Amityville Horror,2005,"This hair-raising remake of the 1979 horror hit depicts the ordeal of the Lutz family, whose new home has a gory past and a legacy of demons.",141,21,89,horror,0.0,0.0,23.0
3574,404067,The Craft,1996,"At a Catholic school, a new girl falls in with a clique of teen witches who wield their powers against anyone who crosses them, even their parents.",147,9,101,horror,0.0,0.0,55.0
3577,70061763,The Dukes of Hazzard: The Beginning,2007,"The mischievous Duke boys, Bo and Luke, are sent to live with their Uncle Jesse and cousin Daisy in this prequel movie to the popular TV series.",144,35,95,action,0.0,0.0,20.0
3578,70113006,The Final Destination,2009,"Nick O'Bannon thinks he's cheated death when he keeps a grisly premonition from becoming reality, but he soon realizes that fate has other plans.",145,21,82,horror,0.0,1.0,29.0
3586,60001854,The Original Kings of Comedy,2000,"Director Spike Lee documents the last night of the hit comedy tour featuring comics Steve Harvey, Cedric the Entertainer, D.L. Hughley and Bernie Mac.",150,28,111,comedy,0.375,0.75,83.0
3587,20159719,The Peacemaker,1997,"After terrorists trigger a nuclear blast in Russia, a U.S. Special Forces intelligence agent and a nuclear weapons expert come to the rescue.",141,14,124,action,0.0,0.0,39.0
3589,60000209,The Talented Mr. Ripley,1999,"A charming sociopath maneuvers into the lush life of a young heir. But as he embraces the posh lifestyle, he'll stop at nothing to hold onto it.",144,23,139,drama,0.7,0.9,83.0
3596,70117902,Up in the Air,2009,"Ryan Bingham flies around the country firing employees on behalf of companies, but he faces losing the job he savors to recent college grad Natalie.",148,13,110,drama,0.0,0.0,91.0
3612,80108616,Hell or High Water,2016,"In a desperate bid to save their family ranch, two brothers stage a series of clever bank robberies with a pair of Texas Rangers in hot pursuit.",144,18,102,drama,0.16,0.5399999999999999,97.0
3618,70299748,Jersey Boys,2014,"Adapted from the hit Broadway musical, this nostalgic look at the Four Seasons and their bumpy offstage lives stretches across four decades.",140,11,134,drama,0.0,0.0,52.0
3620,80245709,Krystal,2017,A kid with a heart condition falls for an ex-stripper with a lot of baggage and joins her Alcoholics Anonymous group to catch her attention.,140,7,93,drama,0.0,0.0,10.0
3628,880640,Pulp Fiction,1994,"This stylized crime caper weaves together stories featuring a burger-loving hit man, his philosophical partner and a washed-up boxer.",133,12,154,drama,0.0,0.0,92.0
3631,60026139,Tears of the Sun,2003,"A Navy SEAL is sent to a war-torn African jungle to rescue a doctor, only to realize he must also save the refugees in the physician's care.",140,16,121,action,0.0,0.0,33.0
3654,80167491,Happy Hunting,2017,"On the run from his meth-dealing employers, a drifter with a drinking problem becomes prey in a desert town's twisted hunting contest.",134,13,91,horror,0.8,1.0,100.0
3682,80184135,Super Dark Times,2017,"A tragic accident drives a wedge between two teenage boys, threatening a friendship that had seemed firm and unshakeable.",121,16,104,drama,0.09166666666666666,0.5333333333333333,89.0
3751,80991400,High Flying Bird,2019,"When an NBA lockout sidelines his big rookie client, an agent hatches a bold plan to save their careers – and disrupt the league's power structure.",147,16,91,drama,0.16,0.5399999999999999,93.0
3772,80044834,Lila & Eve,2015,"After each of them loses a child to murder, two women who meet in a support group initiate their own investigation when the police are no help.",143,10,94,drama,0.0,0.0,40.0
3775,80216779,"Ray Romano: Right Here, Around the Corner",2019,"Ray Romano cut his stand-up teeth at the Comedy Cellar in New York. Now, in his first comedy special in 23 years, he returns to where it all began.",147,41,59,comedy,0.2857142857142857,0.5357142857142857,57.0
3780,80201497,Princess Cyd,2017,A teenager moves to Chicago for the summer and finds a poignant mentor in her aunt and a sweet love interest in a girl who works in the neighborhood.,149,12,97,drama,0.0,0.0,94.0
3781,80134431,The Cloverfield Paradox,2018,"Orbiting above a planet on the brink of war, scientists test a device to solve an energy crisis and end up face-to-face with a dark alternate reality.",150,23,102,action,0.0,0.0,20.0
3782,80198745,Thumper,2017,"After moving to a hardscrabble suburban California town, a young woman becomes dangerously entangled with a local drug enterprise.",130,7,93,drama,0.0,0.0,86.0
3786,80059410,Hannibal Buress: Comedy Camisado,2016,"In a special packed with stealthy humor, Hannibal Buress tackles zipper etiquette, the legacy of steroids and the fallout from his Bill Cosby routine.",150,32,68,comedy,0.0,0.0,100.0
3788,80157760,The Charnel House,2016,"After an architect transforms a slaughterhouse into trendy lofts, its new inhabitants discover that the structure is haunted by its evil past.",142,17,93,horror,0.0,0.0,33.0
3793,70301279,Imperial Dreams,2014,"A young father returns home from jail eager to care for his son and become a writer, but crime, poverty and a flawed system threaten his plans.",143,15,86,drama,0.0,0.0,92.0
3801,80133550,Mike Birbiglia: Thank God for Jokes,2017,"Comedian Mike Birbiglia takes the stage in Brooklyn and hits on hard truths about puppets, late people and the very real dangers of being funny.",144,35,71,comedy,0.0,0.0,100.0
3824,70167133,Our Idiot Brother,2011,A seemingly clueless idealist relies on his exasperated sisters for shelter and support after his girlfriend dumps him and his dog is taken away.,145,17,90,drama,-0.8,0.8,70.0
3843,80100937,I Don't Feel at Home in This World Anymore,2017,A timid nursing assistant gets a new lease on life when she and a neighborhood loner track down the degenerates who broke into her house.,137,42,97,drama,0.0,0.0,89.0
3857,80224060,Paddleton,2019,"After he's diagnosed with terminal cancer, middle-aged Michael asks his neighbor friend Andy to help him end his life before the disease does.",142,9,89,drama,0.0,0.0,90.0
3896,80098490,Trash Fire,2016,Surprise news that his girlfriend is pregnant sends loutish Owen on an ill-advised trip to reconnect with his twisted sister and sadistic grandmother.,150,10,94,drama,0.0,0.0,69.0
3914,80209153,Blood Money,2017,Three friends on a wilderness trip find bags full of cash and must evade the criminal who hid the money in the first place.,123,11,85,action,0.0,0.0,9.0
3917,80107808,Kill Ratio,2016,"Posing as a telecom salesman at a business conference, a CIA agent fights to protect a fledgling Eastern European democracy from a military coup.",145,10,87,action,0.0,0.0,0.0
3924,80989337,The Super,2017,"When an ex-cop becomes a superintendent of an apartment building, he suspects the sinister janitor is behind the eerie disappearances of its tenants.",149,9,89,horror,0.3333333333333333,0.6666666666666666,69.0
3927,80184625,Irreplaceable You,2018,"A stunning cancer diagnosis spurs Abbie to seek a future girlfriend for fiancé and childhood sweetheart Sam, who's clueless when it comes to dating.",148,17,96,drama,0.0,0.0,32.0
3929,70100084,Milk,2008,"Sean Penn stars in this biopic about Harvey Milk, the openly gay San Francisco politician who was murdered by a disgruntled city supervisor in 1978.",148,4,128,drama,0.0,0.0,93.0
3953,81050194,The Detained,2017,Five high school students serving Saturday detention in a former corrections facility must find a way to outsmart an unseen menace out to kill them.,148,12,85,horror,0.0,0.0,83.0
3983,80244853,"Ken Jeong: You Complete Me, Ho",2019,"In his first-ever stand-up special, Ken Jeong pays tribute to his wife and shares stories about Hollywood and how ""The Hangover"" saved his life.",144,30,62,comedy,0.1,0.4,29.0
3984,80167498,Chris Rock: Tamborine,2018,"Chris Rock takes the stage in Brooklyn for a comedy special filled with searing observations on fatherhood, infidelity and American politics.",141,21,65,comedy,0.0,0.0,100.0
3998,80241304,We the Animals,2018,"A trio of brothers cope with their parents' volatile relationship by running wild and unchecked, and one of them experiences a visceral awakening.",146,14,93,drama,0.0,0.0,93.0
4042,80199689,Velvet Buzzsaw,2019,"A feared critic, an icy gallery owner and an ambitious assistant snap up a recently deceased artist's stash of paintings – with dire consequences.",146,14,113,drama,0.0,0.0,62.0
4061,80171291,Paint It Black,2016,"In the wake of a young artist’s suicide, his pianist mother and his despairing girlfriend square off in a living nightmare beset by guilt and blame.",148,14,96,drama,-0.16666666666666666,0.43333333333333335,87.0
4074,80127604,Indiscretion,2016,"After a weekend fling with artist Victor, Veronica, a psychiatrist and politician's wife, becomes the target of Victor's dangerous romantic obsession.",150,12,99,drama,0.0,0.0,42.0
4086,80174959,It Comes at Night,2017,"As danger stalks the world outside his isolated home, an overprotective father faces a tough decision when another family shows up seeking help.",144,17,92,horror,0.0,0.0,87.0
4103,80178974,El Camino Christmas,2017,"Stuck in a liquor store during an alleged robbery, a group of strangers shares hidden truths and forms an unexpected bond on Christmas Eve.",139,19,89,drama,0.0,0.0,40.0
4112,80103392,Kickboxer: Vengeance,2016,"After a skilled fighter falls in the ring, his younger brother emerges from the shadows to train and get revenge against a brutal champion.",139,20,90,action,0.0,0.0,41.0
4147,80117746,Blue Jay,2016,"Two former high school sweethearts unexpectedly reunite in their old hometown, where they rediscover their magical bond and face a shared regret.",145,8,81,drama,0.0,0.1,90.0
4159,80104103,The Good Neighbor,2016,"Two tech-savvy teens plot to fool a cranky old neighbor into believing his house is haunted, but their cruel prank soon takes some unexpected turns.",148,17,97,drama,0.7,0.6000000000000001,29.0
4187,372195,Child's Play,1988,"When a rash of murders unfolds, 6-year-old Andy knows that his toy doll Chucky is the killer, but neither his mom nor the cops believe him.",139,12,87,horror,0.0,0.0,68.0
4286,80115134,Dog Eat Dog,2016,A delusional ex-con rejoins his unhinged former partners for one last job: kidnap the baby of a mobster's enemy for ransom.,123,11,93,drama,0.0,0.0,50.0
4291,80087891,Anesthesia,2015,"After a popular professor is attacked on a New York street, the story of how a series of intertwined events led to the life-altering assault unfolds.",149,10,90,drama,0.0,0.0,26.0
4301,81012943,Silencer,2018,"When a drug lord kidnaps his girlfriend’s daughter, a retired assassin leaves his newly peaceful life to go on a ruthless rampage to rescue the child.",150,8,88,action,0.0,0.0,65.0
4304,70213471,Lawless,2012,"This true-to-life action saga profiles Virginia's bootlegging Bondurant brothers, whose exploits during the Prohibition era made them outlaw heroes.",148,7,116,drama,0.0,0.0,67.0
4307,70132228,Shelter,2010,A forensic psychiatrist has to think outside the box when she takes on a patient whose multiple personalities lead to a trail of murder victims.,144,7,112,horror,0.0,0.0,92.0
4351,81164603,Doom: Annihilation,2019,"When a swarm of soul-stealing demons invades a Martian moon, a group of elite space Marines must obliterate the beasts to save Earth.",133,18,97,action,0.0,0.0,60.0
4372,80168161,Creep 2,2017,"A video artist finds the perfect character for a sensational piece, but the subject of her dreams soon reveals his insidious side.",130,7,80,horror,0.0,0.0,24.0
4383,80119234,Bright,2017,"In an LA rife with interspecies tensions, a human cop and his orc partner stumble on a powerful object and become embroiled in a prophesied turf war.",149,6,118,action,0.7000000000000001,0.7999999999999999,83.0
4389,80196789,Bird Box,2018,"Five years after an ominous unseen presence drives most of society to suicide, a survivor and her two children make a desperate bid to reach safety.",148,8,124,drama,0.0,0.0,63.0
4454,80175314,Some Freaks,2017,"A one-eyed boy and plus-sized girl form a deep connection. But following a brief separation, they reunite as different people.",126,11,97,drama,0.0,0.0,92.0
4471,80013772,Kill the Messenger,2014,"In the 1980s, a crusading journalist uncovers secret CIA funding for Nicaraguan rebels, but the powers that be silence his investigation.",137,18,112,drama,0.0,0.0,77.0
4478,80144803,Barry,2016,"A young Barack Obama forges his identity while dealing with race, divergent cultures and ordinary life as a New York City college student.",138,5,105,drama,0.0,0.0,90.0
4579,81001887,6 Underground,2019,"After faking his death, a tech billionaire recruits a team of international operatives for a bold and bloody mission to take down a brutal dictator.",148,13,129,action,0.0,0.0,36.0
4591,80158871,Judd Apatow: The Return,2017,"Judd Apatow returns to stand-up comedy after 25 years, riffing on living with three women, amusing moments from his career and much more.",137,23,70,comedy,0.0,0.0,86.0
4608,81036542,Michelle Wolf: Joke Show,2019,"Comedian Michelle Wolf takes on outrage culture, massages, childbirth, feminism and much more (like otters) in a stand-up special from New York City.",149,24,60,comedy,0.0,0.0,100.0
4621,80011622,Cut Bank,2014,A small-town dreamer is sure he's landed on a gold mine after accidentally filming a murder but is sucked into a violent tale of greed and deception.,149,8,93,drama,0.0,0.0,35.0
4624,70023451,Hustle & Flow,2005,A pimp with aspirations of grandeur wants to make it as a rapper but discovers that fame isn't all it's cracked up to be in this indie drama.,141,13,117,drama,0.0,0.0,82.0
4629,60024161,Martin Lawrence Live: Runteldat,2002,"This provocative film sheds light on actor-comedian Martin Lawrence's roots, his rise to fame and his walk on the wild side.",124,31,104,comedy,0.13636363636363635,0.5,39.0
4631,873159,Primal Fear,1996,"When a blood-spattered altar boy is found running from a murder scene, his conviction seems certain – but his attorney is determined to win the case.",149,11,131,drama,0.0,0.0,75.0
4639,70044689,The Departed,2006,Two rookie Boston cops are sent deep undercover – one inside the gang of a charismatic Irish mob boss and the other double-crossing his own department.,151,12,151,drama,0.0,0.0,91.0
4640,80208793,The Tribes of Palos Verdes,2017,"When a move to an exclusive seaside community sends her mother and twin brother into a downward spiral, teenager Medina finds solace in surfing.",144,26,104,drama,0.0,0.0,64.0
4710,80114915,Natural Selection,2015,"As the new kid, a shy high school senior finds himself tormented by all his peers except one. But his new friend has a dark, infectious outlook.",144,17,101,drama,0.1,0.4,74.0
4744,81065902,St. Agatha,2018,"Unwed and pregnant, a young woman flees her abusive home in 1950s Georgia and takes refuge at a mysterious convent with a terrible secret.",138,10,103,horror,0.0,0.0,63.0
4778,80108759,David Cross: Making America Great Again!,2016,"Cross skewers Donald Trump, religious taboos and American swagger in a provocative night of comedy at the Paramount Theatre in Austin, Texas.",141,40,73,comedy,0.5,0.375,71.0
4814,80174897,Like Father,2018,"After she's left at the altar, a workaholic advertising executive ends up on her Caribbean honeymoon cruise with her estranged father.",134,11,104,drama,0.0,0.0,5.0
4834,81140577,Dave Chappelle: Sticks & Stones,2019,"Dave Chappelle takes on gun culture, the opioid crisis and the tidal wave of celebrity scandals in a defiant stand-up special filmed in Atlanta.",144,31,66,comedy,0.0,0.0,35.0
4840,80057691,XOXO,2016,"The lives of a budding DJ, his loyal pal, a hopeless romantic, a jaded has-been and a troubled couple intersect at an electronic dance music festival.",150,4,92,drama,0.0,0.0,71.0
4841,81003736,One Last Thing,2018,"After 25 years of searching, a lonely dentist finds his long-lost daughter but learns that she suffers from a rare medical condition.",133,14,92,drama,0.0,0.06666666666666667,11.0
4849,80122759,Death Note,2017,"Light Turner finds a supernatural notebook and uses it to mete out death, attracting the attention of a detective, a demon and a girl in his class.",147,10,100,horror,0.0,0.0,80.0
4909,70267490,Concussion,2013,"A lesbian housewife, feeling trapped in a stale marriage, begins visiting female prostitutes and soon seeks excitement by becoming a sex worker.",144,10,96,drama,0.0,0.0,59.0
4910,80087354,Emelie,2016,"A suburban couple hires a new sitter to watch their three kids for the night, unaware that the young woman isn't who she claims to be.",134,6,82,horror,0.0,0.0,88.0
4991,70299867,Wish I Was Here,2014,"With his acting career moribund, Aidan Bloom steers a new tack in life, taking over his children's education when private school becomes too costly.",148,15,106,drama,0.0,0.0,46.0
4999,80199381,Hostiles,2017,"After a long career battling the Cheyenne, a U.S. Army captain is ordered to safely escort the tribe's most influential chief to his Montana homeland.",150,8,134,drama,0.0,0.0,71.0
5006,80185166,Brad Paisley's Comedy Rodeo,2017,"Country music star Brad Paisley hosts a night of music and laughs with comics Nate Bargatze, John Heffron, Jon Reep, Sarah Tiana and Mike E. Winfield.",150,27,63,comedy,0.0,0.0,60.0
5051,70296443,Demonic,2015,"When amateur ghost hunters visit an abandoned house, their investigation turns into a massacre, leaving questions for a detective and a psychologist.",149,7,83,horror,0.0,0.0,85.0
5063,60010514,Jackie Brown,1997,"When an aging flight attendant's caught smuggling cash and forced to help with an investigation, she hatches a clever plan to make off with the dough.",150,12,154,drama,0.0,0.0,87.0
5089,70233317,Chernobyl Diaries,2012,"A group of kids takes an illegal tour through an abandoned city near Chernobyl, where mysterious humanoid forms begin to haunt their steps...",141,17,88,horror,0.0,0.0,19.0
5091,80238607,Flock of Four,2018,"One night in 1959, four young musicians venture from Pasadena to South-Central Los Angeles in the hopes of hearing a living jazz legend play.",141,13,83,drama,0.0,0.0,60.0
5119,80041339,The Diabolical,2015,"Terrorized by unexplained disturbances and horrific visions in her home, a young widowed mother turns to her scientist boyfriend for help.",138,14,86,horror,0.0,0.0,40.0
5120,70105371,The Informant!,2009,"While gathering evidence against his employer to help the FBI build a price-fixing case, Mark Whitacre begins to piece together a fantasy world.",144,14,108,drama,0.0,0.0,53.0
5186,80091879,Hush,2016,A deaf writer who retreated into the woods to live a solitary life must fight for her life in silence when a masked killer appears in her window.,145,4,82,horror,0.0,0.0,91.0
5197,80130625,6 Balloons,2018,A loyal sister struggles to stay afloat while driving her heroin-addicted brother to a detox center and looking after his 2-year-old daughter.,142,10,75,drama,0.0,0.0,86.0
5206,80098839,The Eyes of My Mother,2016,"At the remote farmhouse where she once witnessed a traumatic childhood event, a young woman develops a grisly fascination with violence.",136,21,76,horror,0.0,0.0,78.0
5237,80227677,Anthony Jeselnik: Fire in the Maternity Ward,2019,"Forging his own comedic boundaries, Anthony Jeselnik revels in getting away with saying things others can't in this stand-up special shot in New York.",150,44,64,comedy,0.0,0.0,80.0
5266,80128715,Rodney King,2017,Roger Guenveur Smith gives voice to the man at the center of the brutal police beating that helped fuel the 1992 LA riots. Spike Lee directs.,141,11,53,drama,0.0,0.0,100.0
5294,80164088,Kickboxer: Retaliation,2017,"Sloan's vow to never return to Thailand is cut short when he's kidnapped and taken to a Thai prison, where he's forced to fight a 400-pound brute.",146,22,110,action,0.0,0.0,92.0
5334,80118916,Sand Castle,2017,"After the invasion of Iraq in 2003, a reluctant soldier's platoon is dispatched on a dangerous mission to repair a hostile village's water system.",146,11,113,action,0.0,0.0,47.0
5342,80192186,Dude,2018,Four best friends navigate loss and major life changes – and smoke a lot of weed – during their last two weeks of high school.,126,4,97,drama,0.0,0.0,17.0
5349,80174687,Kevin Hart: Irresponsible,2019,"As a father of three on his second marriage, Kevin Hart proves that being him is indeed a tall order in a fresh special inspired by his own mistakes.",149,25,60,comedy,0.0,0.0,100.0
5351,80015799,Good Kill,2014,"As Tommy Egan pilots armed drones over Afghanistan from the safe comfort of Las Vegas, the remote nature of his work begins to raise moral questions.",149,9,103,drama,0.7,0.6000000000000001,75.0
5354,81037733,Brampton's Own,2018,"After 12 years in the minors, a struggling baseball player retires, returns home and faces the last person he struck out with – his ex-girlfriend.",146,14,90,drama,0.6,1.0,40.0
5393,81034599,Jonathan,2018,"Two siblings share a body, each getting it for 12 hours a day. But when one of them breaks the rules, their whole way of life comes crashing down.",146,8,101,drama,0.0,0.0,65.0
5431,81024557,Thriller,2018,"When a prank goes wrong, a shy kid from Compton is sent away for murder. Four years later, he’s back and out for revenge on homecoming weekend.",143,8,87,horror,0.0,0.0,50.0
5447,80172002,Band Aid,2017,"A young married couple tries to save their disintegrating relationship by turning their fights into songs, with the help of an oddball neighbor.",144,8,94,drama,0.0,0.0,85.0
5461,80106743,Kevin Hart: What Now?,2016,"Frenetic comic Kevin Hart hits Philadelphia and dishes on suburban wildlife, jean shorts and the fine art of getting even with a 7-year-old.",140,21,96,comedy,0.0,0.0,76.0
5501,70060380,A Dangerous Woman,1993,"At the center of this engrossing melodrama is a Golden Globe-nominated turn by Debra Winger, who plays a sheltered, slow-witted woman living with her widowed Aunt Frances while working at a dry cleaners.",203,17,101,drama,-0.6,0.9,55.0
5541,60036359,Schindler's List,1993,"Oskar Schindler becomes an unlikely humanitarian, spending his entire fortune to help save 1,100 Jews from Auschwitz during World War II.",137,16,195,drama,0.0,0.0,97.0
5555,80115101,Deuces,2016,"Assigned to go undercover to take down an impenetrable crime ring, a detective finds himself falling under the sway of its enigmatic leader.",140,6,88,drama,0.0,0.0,22.0
